data,ano,mes,dia,nome_mes,dia_da_semana_num,dia_da_semana,fim_de_semana,data_chave
2023-01-01,2023,1,1,Janeiro,6,Domingo,True,20230101
2023-01-02,2023,1,2,Janeiro,0,Segunda-feira,False,20230102
2023-01-03,2023,1,3,Janeiro,1,Terça-feira,False,20230103
2023-01-04,2023,1,4,Janeiro,2,Quarta-feira,False,20230104
2023-01-05,2023,1,5,Janeiro,3,Quinta-feira,False,20230105
2023-01-06,2023,1,6,Janeiro,4,Sexta-feira,False,20230106
2023-01-07,2023,1,7,Janeiro,5,Sábado,True,20230107
2023-01-08,2023,1,8,Janeiro,6,Domingo,True,20230108
2023-01-09,2023,1,9,Janeiro,0,Segunda-feira,False,20230109
2023-01-10,2023,1,10,Janeiro,1,Terça-feira,False,20230110
2023-01-11,2023,1,11,Janeiro,2,Quarta-feira,False,20230111
2023-01-12,2023,1,12,Janeiro,3,Quinta-feira,False,20230112
2023-01-13,2023,1,13,Janeiro,4,Sexta-feira,False,20230113
2023-01-14,2023,1,14,Janeiro,5,Sábado,True,20230114
2023-01-15,2023,1,15,Janeiro,6,Domingo,True,20230115
2023-01-16,2023,1,16,Janeiro,0,Segunda-feira,False,20230116
2023-01-17,2023,1,17,Janeiro,1,Terça-feira,False,20230117
2023-01-18,2023,1,18,Janeiro,2,Quarta-feira,False,20230118
2023-01-19,2023,1,19,Janeiro,3,Quinta-feira,False,20230119
2023-01-20,2023,1,20,Janeiro,4,Sexta-feira,False,20230120
2023-01-21,2023,1,21,Janeiro,5,Sábado,True,20230121
2023-01-22,2023,1,22,Janeiro,6,Domingo,True,20230122
2023-01-23,2023,1,23,Janeiro,0,Segunda-feira,False,20230123
2023-01-24,2023,1,24,Janeiro,1,Terça-feira,False,20230124
2023-01-25,2023,1,25,Janeiro,2,Quarta-feira,False,20230125
2023-01-26,2023,1,26,Janeiro,3,Quinta-feira,False,20230126
2023-01-27,2023,1,27,Janeiro,4,Sexta-feira,False,20230127
2023-01-28,2023,1,28,Janeiro,5,Sábado,True,20230128
2023-01-29,2023,1,29,Janeiro,6,Domingo,True,20230129
2023-01-30,2023,1,30,Janeiro,0,Segunda-feira,False,20230130
2023-01-31,2023,1,31,Janeiro,1,Terça-feira,False,20230131
2023-02-01,2023,2,1,Fevereiro,2,Quarta-feira,False,20230201
2023-02-02,2023,2,2,Fevereiro,3,Quinta-feira,False,20230202
2023-02-03,2023,2,3,Fevereiro,4,Sexta-feira,False,20230203
2023-02-04,2023,2,4,Fevereiro,5,Sábado,True,20230204
2023-02-05,2023,2,5,Fevereiro,6,Domingo,True,20230205
2023-02-06,2023,2,6,Fevereiro,0,Segunda-feira,False,20230206
2023-02-07,2023,2,7,Fevereiro,1,Terça-feira,False,20230207
2023-02-08,2023,2,8,Fevereiro,2,Quarta-feira,False,20230208
2023-02-09,2023,2,9,Fevereiro,3,Quinta-feira,False,20230209
2023-02-10,2023,2,10,Fevereiro,4,Sexta-feira,False,20230210
2023-02-11,2023,2,11,Fevereiro,5,Sábado,True,20230211
2023-02-12,2023,2,12,Fevereiro,6,Domingo,True,20230212
2023-02-13,2023,2,13,Fevereiro,0,Segunda-feira,False,20230213
2023-02-14,2023,2,14,Fevereiro,1,Terça-feira,False,20230214
2023-02-15,2023,2,15,Fevereiro,2,Quarta-feira,False,20230215
2023-02-16,2023,2,16,Fevereiro,3,Quinta-feira,False,20230216
2023-02-17,2023,2,17,Fevereiro,4,Sexta-feira,False,20230217
2023-02-18,2023,2,18,Fevereiro,5,Sábado,True,20230218
2023-02-19,2023,2,19,Fevereiro,6,Domingo,True,20230219
2023-02-20,2023,2,20,Fevereiro,0,Segunda-feira,False,20230220
2023-02-21,2023,2,21,Fevereiro,1,Terça-feira,False,20230221
2023-02-22,2023,2,22,Fevereiro,2,Quarta-feira,False,20230222
2023-02-23,2023,2,23,Fevereiro,3,Quinta-feira,False,20230223
2023-02-24,2023,2,24,Fevereiro,4,Sexta-feira,False,20230224
2023-02-25,2023,2,25,Fevereiro,5,Sábado,True,20230225
2023-02-26,2023,2,26,Fevereiro,6,Domingo,True,20230226
2023-02-27,2023,2,27,Fevereiro,0,Segunda-feira,False,20230227
2023-02-28,2023,2,28,Fevereiro,1,Terça-feira,False,20230228
2023-03-01,2023,3,1,Março,2,Quarta-feira,False,20230301
2023-03-02,2023,3,2,Março,3,Quinta-feira,False,20230302
2023-03-03,2023,3,3,Março,4,Sexta-feira,False,20230303
2023-03-04,2023,3,4,Março,5,Sábado,True,20230304
2023-03-05,2023,3,5,Março,6,Domingo,True,20230305
2023-03-06,2023,3,6,Março,0,Segunda-feira,False,20230306
2023-03-07,2023,3,7,Março,1,Terça-feira,False,20230307
2023-03-08,2023,3,8,Março,2,Quarta-feira,False,20230308
2023-03-09,2023,3,9,Março,3,Quinta-feira,False,20230309
2023-03-10,2023,3,10,Março,4,Sexta-feira,False,20230310
2023-03-11,2023,3,11,Março,5,Sábado,True,20230311
2023-03-12,2023,3,12,Março,6,Domingo,True,20230312
2023-03-13,2023,3,13,Março,0,Segunda-feira,False,20230313
2023-03-14,2023,3,14,Março,1,Terça-feira,False,20230314
2023-03-15,2023,3,15,Março,2,Quarta-feira,False,20230315
2023-03-16,2023,3,16,Março,3,Quinta-feira,False,20230316
2023-03-17,2023,3,17,Março,4,Sexta-feira,False,20230317
2023-03-18,2023,3,18,Março,5,Sábado,True,20230318
2023-03-19,2023,3,19,Março,6,Domingo,True,20230319
2023-03-20,2023,3,20,Março,0,Segunda-feira,False,20230320
2023-03-21,2023,3,21,Março,1,Terça-feira,False,20230321
2023-03-22,2023,3,22,Março,2,Quarta-feira,False,20230322
2023-03-23,2023,3,23,Março,3,Quinta-feira,False,20230323
2023-03-24,2023,3,24,Março,4,Sexta-feira,False,20230324
2023-03-25,2023,3,25,Março,5,Sábado,True,20230325
2023-03-26,2023,3,26,Março,6,Domingo,True,20230326
2023-03-27,2023,3,27,Março,0,Segunda-feira,False,20230327
2023-03-28,2023,3,28,Março,1,Terça-feira,False,20230328
2023-03-29,2023,3,29,Março,2,Quarta-feira,False,20230329
2023-03-30,2023,3,30,Março,3,Quinta-feira,False,20230330
2023-03-31,2023,3,31,Março,4,Sexta-feira,False,20230331
2023-04-01,2023,4,1,Abril,5,Sábado,True,20230401
2023-04-02,2023,4,2,Abril,6,Domingo,True,20230402
2023-04-03,2023,4,3,Abril,0,Segunda-feira,False,20230403
2023-04-04,2023,4,4,Abril,1,Terça-feira,False,20230404
2023-04-05,2023,4,5,Abril,2,Quarta-feira,False,20230405
2023-04-06,2023,4,6,Abril,3,Quinta-feira,False,20230406
2023-04-07,2023,4,7,Abril,4,Sexta-feira,False,20230407
2023-04-08,2023,4,8,Abril,5,Sábado,True,20230408
2023-04-09,2023,4,9,Abril,6,Domingo,True,20230409
2023-04-10,2023,4,10,Abril,0,Segunda-feira,False,20230410
2023-04-11,2023,4,11,Abril,1,Terça-feira,False,20230411
2023-04-12,2023,4,12,Abril,2,Quarta-feira,False,20230412
2023-04-13,2023,4,13,Abril,3,Quinta-feira,False,20230413
2023-04-14,2023,4,14,Abril,4,Sexta-feira,False,20230414
2023-04-15,2023,4,15,Abril,5,Sábado,True,20230415
2023-04-16,2023,4,16,Abril,6,Domingo,True,20230416
2023-04-17,2023,4,17,Abril,0,Segunda-feira,False,20230417
2023-04-18,2023,4,18,Abril,1,Terça-feira,False,20230418
2023-04-19,2023,4,19,Abril,2,Quarta-feira,False,20230419
2023-04-20,2023,4,20,Abril,3,Quinta-feira,False,20230420
2023-04-21,2023,4,21,Abril,4,Sexta-feira,False,20230421
2023-04-22,2023,4,22,Abril,5,Sábado,True,20230422
2023-04-23,2023,4,23,Abril,6,Domingo,True,20230423
2023-04-24,2023,4,24,Abril,0,Segunda-feira,False,20230424
2023-04-25,2023,4,25,Abril,1,Terça-feira,False,20230425
2023-04-26,2023,4,26,Abril,2,Quarta-feira,False,20230426
2023-04-27,2023,4,27,Abril,3,Quinta-feira,False,20230427
2023-04-28,2023,4,28,Abril,4,Sexta-feira,False,20230428
2023-04-29,2023,4,29,Abril,5,Sábado,True,20230429
2023-04-30,2023,4,30,Abril,6,Domingo,True,20230430
2023-05-01,2023,5,1,Maio,0,Segunda-feira,False,20230501
2023-05-02,2023,5,2,Maio,1,Terça-feira,False,20230502
2023-05-03,2023,5,3,Maio,2,Quarta-feira,False,20230503
2023-05-04,2023,5,4,Maio,3,Quinta-feira,False,20230504
2023-05-05,2023,5,5,Maio,4,Sexta-feira,False,20230505
2023-05-06,2023,5,6,Maio,5,Sábado,True,20230506
2023-05-07,2023,5,7,Maio,6,Domingo,True,20230507
2023-05-08,2023,5,8,Maio,0,Segunda-feira,False,20230508
2023-05-09,2023,5,9,Maio,1,Terça-feira,False,20230509
2023-05-10,2023,5,10,Maio,2,Quarta-feira,False,20230510
2023-05-11,2023,5,11,Maio,3,Quinta-feira,False,20230511
2023-05-12,2023,5,12,Maio,4,Sexta-feira,False,20230512
2023-05-13,2023,5,13,Maio,5,Sábado,True,20230513
2023-05-14,2023,5,14,Maio,6,Domingo,True,20230514
2023-05-15,2023,5,15,Maio,0,Segunda-feira,False,20230515
2023-05-16,2023,5,16,Maio,1,Terça-feira,False,20230516
2023-05-17,2023,5,17,Maio,2,Quarta-feira,False,20230517
2023-05-18,2023,5,18,Maio,3,Quinta-feira,False,20230518
2023-05-19,2023,5,19,Maio,4,Sexta-feira,False,20230519
2023-05-20,2023,5,20,Maio,5,Sábado,True,20230520
2023-05-21,2023,5,21,Maio,6,Domingo,True,20230521
2023-05-22,2023,5,22,Maio,0,Segunda-feira,False,20230522
2023-05-23,2023,5,23,Maio,1,Terça-feira,False,20230523
2023-05-24,2023,5,24,Maio,2,Quarta-feira,False,20230524
2023-05-25,2023,5,25,Maio,3,Quinta-feira,False,20230525
2023-05-26,2023,5,26,Maio,4,Sexta-feira,False,20230526
2023-05-27,2023,5,27,Maio,5,Sábado,True,20230527
2023-05-28,2023,5,28,Maio,6,Domingo,True,20230528
2023-05-29,2023,5,29,Maio,0,Segunda-feira,False,20230529
2023-05-30,2023,5,30,Maio,1,Terça-feira,False,20230530
2023-05-31,2023,5,31,Maio,2,Quarta-feira,False,20230531
2023-06-01,2023,6,1,Junho,3,Quinta-feira,False,20230601
2023-06-02,2023,6,2,Junho,4,Sexta-feira,False,20230602
2023-06-03,2023,6,3,Junho,5,Sábado,True,20230603
2023-06-04,2023,6,4,Junho,6,Domingo,True,20230604
2023-06-05,2023,6,5,Junho,0,Segunda-feira,False,20230605
2023-06-06,2023,6,6,Junho,1,Terça-feira,False,20230606
2023-06-07,2023,6,7,Junho,2,Quarta-feira,False,20230607
2023-06-08,2023,6,8,Junho,3,Quinta-feira,False,20230608
2023-06-09,2023,6,9,Junho,4,Sexta-feira,False,20230609
2023-06-10,2023,6,10,Junho,5,Sábado,True,20230610
2023-06-11,2023,6,11,Junho,6,Domingo,True,20230611
2023-06-12,2023,6,12,Junho,0,Segunda-feira,False,20230612
2023-06-13,2023,6,13,Junho,1,Terça-feira,False,20230613
2023-06-14,2023,6,14,Junho,2,Quarta-feira,False,20230614
2023-06-15,2023,6,15,Junho,3,Quinta-feira,False,20230615
2023-06-16,2023,6,16,Junho,4,Sexta-feira,False,20230616
2023-06-17,2023,6,17,Junho,5,Sábado,True,20230617
2023-06-18,2023,6,18,Junho,6,Domingo,True,20230618
2023-06-19,2023,6,19,Junho,0,Segunda-feira,False,20230619
2023-06-20,2023,6,20,Junho,1,Terça-feira,False,20230620
2023-06-21,2023,6,21,Junho,2,Quarta-feira,False,20230621
2023-06-22,2023,6,22,Junho,3,Quinta-feira,False,20230622
2023-06-23,2023,6,23,Junho,4,Sexta-feira,False,20230623
2023-06-24,2023,6,24,Junho,5,Sábado,True,20230624
2023-06-25,2023,6,25,Junho,6,Domingo,True,20230625
2023-06-26,2023,6,26,Junho,0,Segunda-feira,False,20230626
2023-06-27,2023,6,27,Junho,1,Terça-feira,False,20230627
2023-06-28,2023,6,28,Junho,2,Quarta-feira,False,20230628
2023-06-29,2023,6,29,Junho,3,Quinta-feira,False,20230629
2023-06-30,2023,6,30,Junho,4,Sexta-feira,False,20230630
2023-07-01,2023,7,1,Julho,5,Sábado,True,20230701
2023-07-02,2023,7,2,Julho,6,Domingo,True,20230702
2023-07-03,2023,7,3,Julho,0,Segunda-feira,False,20230703
2023-07-04,2023,7,4,Julho,1,Terça-feira,False,20230704
2023-07-05,2023,7,5,Julho,2,Quarta-feira,False,20230705
2023-07-06,2023,7,6,Julho,3,Quinta-feira,False,20230706
2023-07-07,2023,7,7,Julho,4,Sexta-feira,False,20230707
2023-07-08,2023,7,8,Julho,5,Sábado,True,20230708
2023-07-09,2023,7,9,Julho,6,Domingo,True,20230709
2023-07-10,2023,7,10,Julho,0,Segunda-feira,False,20230710
2023-07-11,2023,7,11,Julho,1,Terça-feira,False,20230711
2023-07-12,2023,7,12,Julho,2,Quarta-feira,False,20230712
2023-07-13,2023,7,13,Julho,3,Quinta-feira,False,20230713
2023-07-14,2023,7,14,Julho,4,Sexta-feira,False,20230714
2023-07-15,2023,7,15,Julho,5,Sábado,True,20230715
2023-07-16,2023,7,16,Julho,6,Domingo,True,20230716
2023-07-17,2023,7,17,Julho,0,Segunda-feira,False,20230717
2023-07-18,2023,7,18,Julho,1,Terça-feira,False,20230718
2023-07-19,2023,7,19,Julho,2,Quarta-feira,False,20230719
2023-07-20,2023,7,20,Julho,3,Quinta-feira,False,20230720
2023-07-21,2023,7,21,Julho,4,Sexta-feira,False,20230721
2023-07-22,2023,7,22,Julho,5,Sábado,True,20230722
2023-07-23,2023,7,23,Julho,6,Domingo,True,20230723
2023-07-24,2023,7,24,Julho,0,Segunda-feira,False,20230724
2023-07-25,2023,7,25,Julho,1,Terça-feira,False,20230725
2023-07-26,2023,7,26,Julho,2,Quarta-feira,False,20230726
2023-07-27,2023,7,27,Julho,3,Quinta-feira,False,20230727
2023-07-28,2023,7,28,Julho,4,Sexta-feira,False,20230728
2023-07-29,2023,7,29,Julho,5,Sábado,True,20230729
2023-07-30,2023,7,30,Julho,6,Domingo,True,20230730
2023-07-31,2023,7,31,Julho,0,Segunda-feira,False,20230731
2023-08-01,2023,8,1,Agosto,1,Terça-feira,False,20230801
2023-08-02,2023,8,2,Agosto,2,Quarta-feira,False,20230802
2023-08-03,2023,8,3,Agosto,3,Quinta-feira,False,20230803
2023-08-04,2023,8,4,Agosto,4,Sexta-feira,False,20230804
2023-08-05,2023,8,5,Agosto,5,Sábado,True,20230805
2023-08-06,2023,8,6,Agosto,6,Domingo,True,20230806
2023-08-07,2023,8,7,Agosto,0,Segunda-feira,False,20230807
2023-08-08,2023,8,8,Agosto,1,Terça-feira,False,20230808
2023-08-09,2023,8,9,Agosto,2,Quarta-feira,False,20230809
2023-08-10,2023,8,10,Agosto,3,Quinta-feira,False,20230810
2023-08-11,2023,8,11,Agosto,4,Sexta-feira,False,20230811
2023-08-12,2023,8,12,Agosto,5,Sábado,True,20230812
2023-08-13,2023,8,13,Agosto,6,Domingo,True,20230813
2023-08-14,2023,8,14,Agosto,0,Segunda-feira,False,20230814
2023-08-15,2023,8,15,Agosto,1,Terça-feira,False,20230815
2023-08-16,2023,8,16,Agosto,2,Quarta-feira,False,20230816
2023-08-17,2023,8,17,Agosto,3,Quinta-feira,False,20230817
2023-08-18,2023,8,18,Agosto,4,Sexta-feira,False,20230818
2023-08-19,2023,8,19,Agosto,5,Sábado,True,20230819
2023-08-20,2023,8,20,Agosto,6,Domingo,True,20230820
2023-08-21,2023,8,21,Agosto,0,Segunda-feira,False,20230821
2023-08-22,2023,8,22,Agosto,1,Terça-feira,False,20230822
2023-08-23,2023,8,23,Agosto,2,Quarta-feira,False,20230823
2023-08-24,2023,8,24,Agosto,3,Quinta-feira,False,20230824
2023-08-25,2023,8,25,Agosto,4,Sexta-feira,False,20230825
2023-08-26,2023,8,26,Agosto,5,Sábado,True,20230826
2023-08-27,2023,8,27,Agosto,6,Domingo,True,20230827
2023-08-28,2023,8,28,Agosto,0,Segunda-feira,False,20230828
2023-08-29,2023,8,29,Agosto,1,Terça-feira,False,20230829
2023-08-30,2023,8,30,Agosto,2,Quarta-feira,False,20230830
2023-08-31,2023,8,31,Agosto,3,Quinta-feira,False,20230831
2023-09-01,2023,9,1,Setembro,4,Sexta-feira,False,20230901
2023-09-02,2023,9,2,Setembro,5,Sábado,True,20230902
2023-09-03,2023,9,3,Setembro,6,Domingo,True,20230903
2023-09-04,2023,9,4,Setembro,0,Segunda-feira,False,20230904
2023-09-05,2023,9,5,Setembro,1,Terça-feira,False,20230905
2023-09-06,2023,9,6,Setembro,2,Quarta-feira,False,20230906
2023-09-07,2023,9,7,Setembro,3,Quinta-feira,False,20230907
2023-09-08,2023,9,8,Setembro,4,Sexta-feira,False,20230908
2023-09-09,2023,9,9,Setembro,5,Sábado,True,20230909
2023-09-10,2023,9,10,Setembro,6,Domingo,True,20230910
2023-09-11,2023,9,11,Setembro,0,Segunda-feira,False,20230911
2023-09-12,2023,9,12,Setembro,1,Terça-feira,False,20230912
2023-09-13,2023,9,13,Setembro,2,Quarta-feira,False,20230913
2023-09-14,2023,9,14,Setembro,3,Quinta-feira,False,20230914
2023-09-15,2023,9,15,Setembro,4,Sexta-feira,False,20230915
2023-09-16,2023,9,16,Setembro,5,Sábado,True,20230916
2023-09-17,2023,9,17,Setembro,6,Domingo,True,20230917
2023-09-18,2023,9,18,Setembro,0,Segunda-feira,False,20230918
2023-09-19,2023,9,19,Setembro,1,Terça-feira,False,20230919
2023-09-20,2023,9,20,Setembro,2,Quarta-feira,False,20230920
2023-09-21,2023,9,21,Setembro,3,Quinta-feira,False,20230921
2023-09-22,2023,9,22,Setembro,4,Sexta-feira,False,20230922
2023-09-23,2023,9,23,Setembro,5,Sábado,True,20230923
2023-09-24,2023,9,24,Setembro,6,Domingo,True,20230924
2023-09-25,2023,9,25,Setembro,0,Segunda-feira,False,20230925
2023-09-26,2023,9,26,Setembro,1,Terça-feira,False,20230926
2023-09-27,2023,9,27,Setembro,2,Quarta-feira,False,20230927
2023-09-28,2023,9,28,Setembro,3,Quinta-feira,False,20230928
2023-09-29,2023,9,29,Setembro,4,Sexta-feira,False,20230929
2023-09-30,2023,9,30,Setembro,5,Sábado,True,20230930
2023-10-01,2023,10,1,Outubro,6,Domingo,True,20231001
2023-10-02,2023,10,2,Outubro,0,Segunda-feira,False,20231002
2023-10-03,2023,10,3,Outubro,1,Terça-feira,False,20231003
2023-10-04,2023,10,4,Outubro,2,Quarta-feira,False,20231004
2023-10-05,2023,10,5,Outubro,3,Quinta-feira,False,20231005
2023-10-06,2023,10,6,Outubro,4,Sexta-feira,False,20231006
2023-10-07,2023,10,7,Outubro,5,Sábado,True,20231007
2023-10-08,2023,10,8,Outubro,6,Domingo,True,20231008
2023-10-09,2023,10,9,Outubro,0,Segunda-feira,False,20231009
2023-10-10,2023,10,10,Outubro,1,Terça-feira,False,20231010
2023-10-11,2023,10,11,Outubro,2,Quarta-feira,False,20231011
2023-10-12,2023,10,12,Outubro,3,Quinta-feira,False,20231012
2023-10-13,2023,10,13,Outubro,4,Sexta-feira,False,20231013
2023-10-14,2023,10,14,Outubro,5,Sábado,True,20231014
2023-10-15,2023,10,15,Outubro,6,Domingo,True,20231015
2023-10-16,2023,10,16,Outubro,0,Segunda-feira,False,20231016
2023-10-17,2023,10,17,Outubro,1,Terça-feira,False,20231017
2023-10-18,2023,10,18,Outubro,2,Quarta-feira,False,20231018
2023-10-19,2023,10,19,Outubro,3,Quinta-feira,False,20231019
2023-10-20,2023,10,20,Outubro,4,Sexta-feira,False,20231020
2023-10-21,2023,10,21,Outubro,5,Sábado,True,20231021
2023-10-22,2023,10,22,Outubro,6,Domingo,True,20231022
2023-10-23,2023,10,23,Outubro,0,Segunda-feira,False,20231023
2023-10-24,2023,10,24,Outubro,1,Terça-feira,False,20231024
2023-10-25,2023,10,25,Outubro,2,Quarta-feira,False,20231025
2023-10-26,2023,10,26,Outubro,3,Quinta-feira,False,20231026
2023-10-27,2023,10,27,Outubro,4,Sexta-feira,False,20231027
2023-10-28,2023,10,28,Outubro,5,Sábado,True,20231028
2023-10-29,2023,10,29,Outubro,6,Domingo,True,20231029
2023-10-30,2023,10,30,Outubro,0,Segunda-feira,False,20231030
2023-10-31,2023,10,31,Outubro,1,Terça-feira,False,20231031
2023-11-01,2023,11,1,Novembro,2,Quarta-feira,False,20231101
2023-11-02,2023,11,2,Novembro,3,Quinta-feira,False,20231102
2023-11-03,2023,11,3,Novembro,4,Sexta-feira,False,20231103
2023-11-04,2023,11,4,Novembro,5,Sábado,True,20231104
2023-11-05,2023,11,5,Novembro,6,Domingo,True,20231105
2023-11-06,2023,11,6,Novembro,0,Segunda-feira,False,20231106
2023-11-07,2023,11,7,Novembro,1,Terça-feira,False,20231107
2023-11-08,2023,11,8,Novembro,2,Quarta-feira,False,20231108
2023-11-09,2023,11,9,Novembro,3,Quinta-feira,False,20231109
2023-11-10,2023,11,10,Novembro,4,Sexta-feira,False,20231110
2023-11-11,2023,11,11,Novembro,5,Sábado,True,20231111
2023-11-12,2023,11,12,Novembro,6,Domingo,True,20231112
2023-11-13,2023,11,13,Novembro,0,Segunda-feira,False,20231113
2023-11-14,2023,11,14,Novembro,1,Terça-feira,False,20231114
2023-11-15,2023,11,15,Novembro,2,Quarta-feira,False,20231115
2023-11-16,2023,11,16,Novembro,3,Quinta-feira,False,20231116
2023-11-17,2023,11,17,Novembro,4,Sexta-feira,False,20231117
2023-11-18,2023,11,18,Novembro,5,Sábado,True,20231118
2023-11-19,2023,11,19,Novembro,6,Domingo,True,20231119
2023-11-20,2023,11,20,Novembro,0,Segunda-feira,False,20231120
2023-11-21,2023,11,21,Novembro,1,Terça-feira,False,20231121
2023-11-22,2023,11,22,Novembro,2,Quarta-feira,False,20231122
2023-11-23,2023,11,23,Novembro,3,Quinta-feira,False,20231123
2023-11-24,2023,11,24,Novembro,4,Sexta-feira,False,20231124
2023-11-25,2023,11,25,Novembro,5,Sábado,True,20231125
2023-11-26,2023,11,26,Novembro,6,Domingo,True,20231126
2023-11-27,2023,11,27,Novembro,0,Segunda-feira,False,20231127
2023-11-28,2023,11,28,Novembro,1,Terça-feira,False,20231128
2023-11-29,2023,11,29,Novembro,2,Quarta-feira,False,20231129
2023-11-30,2023,11,30,Novembro,3,Quinta-feira,False,20231130
2023-12-01,2023,12,1,Dezembro,4,Sexta-feira,False,20231201
2023-12-02,2023,12,2,Dezembro,5,Sábado,True,20231202
2023-12-03,2023,12,3,Dezembro,6,Domingo,True,20231203
2023-12-04,2023,12,4,Dezembro,0,Segunda-feira,False,20231204
2023-12-05,2023,12,5,Dezembro,1,Terça-feira,False,20231205
2023-12-06,2023,12,6,Dezembro,2,Quarta-feira,False,20231206
2023-12-07,2023,12,7,Dezembro,3,Quinta-feira,False,20231207
2023-12-08,2023,12,8,Dezembro,4,Sexta-feira,False,20231208
2023-12-09,2023,12,9,Dezembro,5,Sábado,True,20231209
2023-12-10,2023,12,10,Dezembro,6,Domingo,True,20231210
2023-12-11,2023,12,11,Dezembro,0,Segunda-feira,False,20231211
2023-12-12,2023,12,12,Dezembro,1,Terça-feira,False,20231212
2023-12-13,2023,12,13,Dezembro,2,Quarta-feira,False,20231213
2023-12-14,2023,12,14,Dezembro,3,Quinta-feira,False,20231214
2023-12-15,2023,12,15,Dezembro,4,Sexta-feira,False,20231215
2023-12-16,2023,12,16,Dezembro,5,Sábado,True,20231216
2023-12-17,2023,12,17,Dezembro,6,Domingo,True,20231217
2023-12-18,2023,12,18,Dezembro,0,Segunda-feira,False,20231218
2023-12-19,2023,12,19,Dezembro,1,Terça-feira,False,20231219
2023-12-20,2023,12,20,Dezembro,2,Quarta-feira,False,20231220
2023-12-21,2023,12,21,Dezembro,3,Quinta-feira,False,20231221
2023-12-22,2023,12,22,Dezembro,4,Sexta-feira,False,20231222
2023-12-23,2023,12,23,Dezembro,5,Sábado,True,20231223
2023-12-24,2023,12,24,Dezembro,6,Domingo,True,20231224
2023-12-25,2023,12,25,Dezembro,0,Segunda-feira,False,20231225
2023-12-26,2023,12,26,Dezembro,1,Terça-feira,False,20231226
2023-12-27,2023,12,27,Dezembro,2,Quarta-feira,False,20231227
2023-12-28,2023,12,28,Dezembro,3,Quinta-feira,False,20231228
2023-12-29,2023,12,29,Dezembro,4,Sexta-feira,False,20231229
2023-12-30,2023,12,30,Dezembro,5,Sábado,True,20231230
2023-12-31,2023,12,31,Dezembro,6,Domingo,True,20231231
2024-01-01,2024,1,1,Janeiro,0,Segunda-feira,False,20240101
2024-01-02,2024,1,2,Janeiro,1,Terça-feira,False,20240102
2024-01-03,2024,1,3,Janeiro,2,Quarta-feira,False,20240103
2024-01-04,2024,1,4,Janeiro,3,Quinta-feira,False,20240104
2024-01-05,2024,1,5,Janeiro,4,Sexta-feira,False,20240105
2024-01-06,2024,1,6,Janeiro,5,Sábado,True,20240106
2024-01-07,2024,1,7,Janeiro,6,Domingo,True,20240107
2024-01-08,2024,1,8,Janeiro,0,Segunda-feira,False,20240108
2024-01-09,2024,1,9,Janeiro,1,Terça-feira,False,20240109
2024-01-10,2024,1,10,Janeiro,2,Quarta-feira,False,20240110
2024-01-11,2024,1,11,Janeiro,3,Quinta-feira,False,20240111
2024-01-12,2024,1,12,Janeiro,4,Sexta-feira,False,20240112
2024-01-13,2024,1,13,Janeiro,5,Sábado,True,20240113
2024-01-14,2024,1,14,Janeiro,6,Domingo,True,20240114
2024-01-15,2024,1,15,Janeiro,0,Segunda-feira,False,20240115
2024-01-16,2024,1,16,Janeiro,1,Terça-feira,False,20240116
2024-01-17,2024,1,17,Janeiro,2,Quarta-feira,False,20240117
2024-01-18,2024,1,18,Janeiro,3,Quinta-feira,False,20240118
2024-01-19,2024,1,19,Janeiro,4,Sexta-feira,False,20240119
2024-01-20,2024,1,20,Janeiro,5,Sábado,True,20240120
2024-01-21,2024,1,21,Janeiro,6,Domingo,True,20240121
2024-01-22,2024,1,22,Janeiro,0,Segunda-feira,False,20240122
2024-01-23,2024,1,23,Janeiro,1,Terça-feira,False,20240123
2024-01-24,2024,1,24,Janeiro,2,Quarta-feira,False,20240124
2024-01-25,2024,1,25,Janeiro,3,Quinta-feira,False,20240125
2024-01-26,2024,1,26,Janeiro,4,Sexta-feira,False,20240126
2024-01-27,2024,1,27,Janeiro,5,Sábado,True,20240127
2024-01-28,2024,1,28,Janeiro,6,Domingo,True,20240128
2024-01-29,2024,1,29,Janeiro,0,Segunda-feira,False,20240129
2024-01-30,2024,1,30,Janeiro,1,Terça-feira,False,20240130
2024-01-31,2024,1,31,Janeiro,2,Quarta-feira,False,20240131
2024-02-01,2024,2,1,Fevereiro,3,Quinta-feira,False,20240201
2024-02-02,2024,2,2,Fevereiro,4,Sexta-feira,False,20240202
2024-02-03,2024,2,3,Fevereiro,5,Sábado,True,20240203
2024-02-04,2024,2,4,Fevereiro,6,Domingo,True,20240204
2024-02-05,2024,2,5,Fevereiro,0,Segunda-feira,False,20240205
2024-02-06,2024,2,6,Fevereiro,1,Terça-feira,False,20240206
2024-02-07,2024,2,7,Fevereiro,2,Quarta-feira,False,20240207
2024-02-08,2024,2,8,Fevereiro,3,Quinta-feira,False,20240208
2024-02-09,2024,2,9,Fevereiro,4,Sexta-feira,False,20240209
2024-02-10,2024,2,10,Fevereiro,5,Sábado,True,20240210
2024-02-11,2024,2,11,Fevereiro,6,Domingo,True,20240211
2024-02-12,2024,2,12,Fevereiro,0,Segunda-feira,False,20240212
2024-02-13,2024,2,13,Fevereiro,1,Terça-feira,False,20240213
2024-02-14,2024,2,14,Fevereiro,2,Quarta-feira,False,20240214
2024-02-15,2024,2,15,Fevereiro,3,Quinta-feira,False,20240215
2024-02-16,2024,2,16,Fevereiro,4,Sexta-feira,False,20240216
2024-02-17,2024,2,17,Fevereiro,5,Sábado,True,20240217
2024-02-18,2024,2,18,Fevereiro,6,Domingo,True,20240218
2024-02-19,2024,2,19,Fevereiro,0,Segunda-feira,False,20240219
2024-02-20,2024,2,20,Fevereiro,1,Terça-feira,False,20240220
2024-02-21,2024,2,21,Fevereiro,2,Quarta-feira,False,20240221
2024-02-22,2024,2,22,Fevereiro,3,Quinta-feira,False,20240222
2024-02-23,2024,2,23,Fevereiro,4,Sexta-feira,False,20240223
2024-02-24,2024,2,24,Fevereiro,5,Sábado,True,20240224
2024-02-25,2024,2,25,Fevereiro,6,Domingo,True,20240225
2024-02-26,2024,2,26,Fevereiro,0,Segunda-feira,False,20240226
2024-02-27,2024,2,27,Fevereiro,1,Terça-feira,False,20240227
2024-02-28,2024,2,28,Fevereiro,2,Quarta-feira,False,20240228
2024-02-29,2024,2,29,Fevereiro,3,Quinta-feira,False,20240229
2024-03-01,2024,3,1,Março,4,Sexta-feira,False,20240301
2024-03-02,2024,3,2,Março,5,Sábado,True,20240302
2024-03-03,2024,3,3,Março,6,Domingo,True,20240303
2024-03-04,2024,3,4,Março,0,Segunda-feira,False,20240304
2024-03-05,2024,3,5,Março,1,Terça-feira,False,20240305
2024-03-06,2024,3,6,Março,2,Quarta-feira,False,20240306
2024-03-07,2024,3,7,Março,3,Quinta-feira,False,20240307
2024-03-08,2024,3,8,Março,4,Sexta-feira,False,20240308
2024-03-09,2024,3,9,Março,5,Sábado,True,20240309
2024-03-10,2024,3,10,Março,6,Domingo,True,20240310
2024-03-11,2024,3,11,Março,0,Segunda-feira,False,20240311
2024-03-12,2024,3,12,Março,1,Terça-feira,False,20240312
2024-03-13,2024,3,13,Março,2,Quarta-feira,False,20240313
2024-03-14,2024,3,14,Março,3,Quinta-feira,False,20240314
2024-03-15,2024,3,15,Março,4,Sexta-feira,False,20240315
2024-03-16,2024,3,16,Março,5,Sábado,True,20240316
2024-03-17,2024,3,17,Março,6,Domingo,True,20240317
2024-03-18,2024,3,18,Março,0,Segunda-feira,False,20240318
2024-03-19,2024,3,19,Março,1,Terça-feira,False,20240319
2024-03-20,2024,3,20,Março,2,Quarta-feira,False,20240320
2024-03-21,2024,3,21,Março,3,Quinta-feira,False,20240321
2024-03-22,2024,3,22,Março,4,Sexta-feira,False,20240322
2024-03-23,2024,3,23,Março,5,Sábado,True,20240323
2024-03-24,2024,3,24,Março,6,Domingo,True,20240324
2024-03-25,2024,3,25,Março,0,Segunda-feira,False,20240325
2024-03-26,2024,3,26,Março,1,Terça-feira,False,20240326
2024-03-27,2024,3,27,Março,2,Quarta-feira,False,20240327
2024-03-28,2024,3,28,Março,3,Quinta-feira,False,20240328
2024-03-29,2024,3,29,Março,4,Sexta-feira,False,20240329
2024-03-30,2024,3,30,Março,5,Sábado,True,20240330
2024-03-31,2024,3,31,Março,6,Domingo,True,20240331
2024-04-01,2024,4,1,Abril,0,Segunda-feira,False,20240401
2024-04-02,2024,4,2,Abril,1,Terça-feira,False,20240402
2024-04-03,2024,4,3,Abril,2,Quarta-feira,False,20240403
2024-04-04,2024,4,4,Abril,3,Quinta-feira,False,20240404
2024-04-05,2024,4,5,Abril,4,Sexta-feira,False,20240405
2024-04-06,2024,4,6,Abril,5,Sábado,True,20240406
2024-04-07,2024,4,7,Abril,6,Domingo,True,20240407
2024-04-08,2024,4,8,Abril,0,Segunda-feira,False,20240408
2024-04-09,2024,4,9,Abril,1,Terça-feira,False,20240409
2024-04-10,2024,4,10,Abril,2,Quarta-feira,False,20240410
2024-04-11,2024,4,11,Abril,3,Quinta-feira,False,20240411
2024-04-12,2024,4,12,Abril,4,Sexta-feira,False,20240412
2024-04-13,2024,4,13,Abril,5,Sábado,True,20240413
2024-04-14,2024,4,14,Abril,6,Domingo,True,20240414
2024-04-15,2024,4,15,Abril,0,Segunda-feira,False,20240415
2024-04-16,2024,4,16,Abril,1,Terça-feira,False,20240416
2024-04-17,2024,4,17,Abril,2,Quarta-feira,False,20240417
2024-04-18,2024,4,18,Abril,3,Quinta-feira,False,20240418
2024-04-19,2024,4,19,Abril,4,Sexta-feira,False,20240419
2024-04-20,2024,4,20,Abril,5,Sábado,True,20240420
2024-04-21,2024,4,21,Abril,6,Domingo,True,20240421
2024-04-22,2024,4,22,Abril,0,Segunda-feira,False,20240422
2024-04-23,2024,4,23,Abril,1,Terça-feira,False,20240423
2024-04-24,2024,4,24,Abril,2,Quarta-feira,False,20240424
2024-04-25,2024,4,25,Abril,3,Quinta-feira,False,20240425
2024-04-26,2024,4,26,Abril,4,Sexta-feira,False,20240426
2024-04-27,2024,4,27,Abril,5,Sábado,True,20240427
2024-04-28,2024,4,28,Abril,6,Domingo,True,20240428
2024-04-29,2024,4,29,Abril,0,Segunda-feira,False,20240429
2024-04-30,2024,4,30,Abril,1,Terça-feira,False,20240430
2024-05-01,2024,5,1,Maio,2,Quarta-feira,False,20240501
2024-05-02,2024,5,2,Maio,3,Quinta-feira,False,20240502
2024-05-03,2024,5,3,Maio,4,Sexta-feira,False,20240503
2024-05-04,2024,5,4,Maio,5,Sábado,True,20240504
2024-05-05,2024,5,5,Maio,6,Domingo,True,20240505
2024-05-06,2024,5,6,Maio,0,Segunda-feira,False,20240506
2024-05-07,2024,5,7,Maio,1,Terça-feira,False,20240507
2024-05-08,2024,5,8,Maio,2,Quarta-feira,False,20240508
2024-05-09,2024,5,9,Maio,3,Quinta-feira,False,20240509
2024-05-10,2024,5,10,Maio,4,Sexta-feira,False,20240510
2024-05-11,2024,5,11,Maio,5,Sábado,True,20240511
2024-05-12,2024,5,12,Maio,6,Domingo,True,20240512
2024-05-13,2024,5,13,Maio,0,Segunda-feira,False,20240513
2024-05-14,2024,5,14,Maio,1,Terça-feira,False,20240514
2024-05-15,2024,5,15,Maio,2,Quarta-feira,False,20240515
2024-05-16,2024,5,16,Maio,3,Quinta-feira,False,20240516
2024-05-17,2024,5,17,Maio,4,Sexta-feira,False,20240517
2024-05-18,2024,5,18,Maio,5,Sábado,True,20240518
2024-05-19,2024,5,19,Maio,6,Domingo,True,20240519
2024-05-20,2024,5,20,Maio,0,Segunda-feira,False,20240520
2024-05-21,2024,5,21,Maio,1,Terça-feira,False,20240521
2024-05-22,2024,5,22,Maio,2,Quarta-feira,False,20240522
2024-05-23,2024,5,23,Maio,3,Quinta-feira,False,20240523
2024-05-24,2024,5,24,Maio,4,Sexta-feira,False,20240524
2024-05-25,2024,5,25,Maio,5,Sábado,True,20240525
2024-05-26,2024,5,26,Maio,6,Domingo,True,20240526
2024-05-27,2024,5,27,Maio,0,Segunda-feira,False,20240527
2024-05-28,2024,5,28,Maio,1,Terça-feira,False,20240528
2024-05-29,2024,5,29,Maio,2,Quarta-feira,False,20240529
2024-05-30,2024,5,30,Maio,3,Quinta-feira,False,20240530
2024-05-31,2024,5,31,Maio,4,Sexta-feira,False,20240531
2024-06-01,2024,6,1,Junho,5,Sábado,True,20240601
2024-06-02,2024,6,2,Junho,6,Domingo,True,20240602
2024-06-03,2024,6,3,Junho,0,Segunda-feira,False,20240603
2024-06-04,2024,6,4,Junho,1,Terça-feira,False,20240604
2024-06-05,2024,6,5,Junho,2,Quarta-feira,False,20240605
2024-06-06,2024,6,6,Junho,3,Quinta-feira,False,20240606
2024-06-07,2024,6,7,Junho,4,Sexta-feira,False,20240607
2024-06-08,2024,6,8,Junho,5,Sábado,True,20240608
2024-06-09,2024,6,9,Junho,6,Domingo,True,20240609
2024-06-10,2024,6,10,Junho,0,Segunda-feira,False,20240610
2024-06-11,2024,6,11,Junho,1,Terça-feira,False,20240611
2024-06-12,2024,6,12,Junho,2,Quarta-feira,False,20240612
2024-06-13,2024,6,13,Junho,3,Quinta-feira,False,20240613
2024-06-14,2024,6,14,Junho,4,Sexta-feira,False,20240614
2024-06-15,2024,6,15,Junho,5,Sábado,True,20240615
2024-06-16,2024,6,16,Junho,6,Domingo,True,20240616
2024-06-17,2024,6,17,Junho,0,Segunda-feira,False,20240617
2024-06-18,2024,6,18,Junho,1,Terça-feira,False,20240618
2024-06-19,2024,6,19,Junho,2,Quarta-feira,False,20240619
2024-06-20,2024,6,20,Junho,3,Quinta-feira,False,20240620
2024-06-21,2024,6,21,Junho,4,Sexta-feira,False,20240621
2024-06-22,2024,6,22,Junho,5,Sábado,True,20240622
2024-06-23,2024,6,23,Junho,6,Domingo,True,20240623
2024-06-24,2024,6,24,Junho,0,Segunda-feira,False,20240624
2024-06-25,2024,6,25,Junho,1,Terça-feira,False,20240625
2024-06-26,2024,6,26,Junho,2,Quarta-feira,False,20240626
2024-06-27,2024,6,27,Junho,3,Quinta-feira,False,20240627
2024-06-28,2024,6,28,Junho,4,Sexta-feira,False,20240628
2024-06-29,2024,6,29,Junho,5,Sábado,True,20240629
2024-06-30,2024,6,30,Junho,6,Domingo,True,20240630
2024-07-01,2024,7,1,Julho,0,Segunda-feira,False,20240701
2024-07-02,2024,7,2,Julho,1,Terça-feira,False,20240702
2024-07-03,2024,7,3,Julho,2,Quarta-feira,False,20240703
2024-07-04,2024,7,4,Julho,3,Quinta-feira,False,20240704
2024-07-05,2024,7,5,Julho,4,Sexta-feira,False,20240705
2024-07-06,2024,7,6,Julho,5,Sábado,True,20240706
2024-07-07,2024,7,7,Julho,6,Domingo,True,20240707
2024-07-08,2024,7,8,Julho,0,Segunda-feira,False,20240708
2024-07-09,2024,7,9,Julho,1,Terça-feira,False,20240709
2024-07-10,2024,7,10,Julho,2,Quarta-feira,False,20240710
2024-07-11,2024,7,11,Julho,3,Quinta-feira,False,20240711
2024-07-12,2024,7,12,Julho,4,Sexta-feira,False,20240712
2024-07-13,2024,7,13,Julho,5,Sábado,True,20240713
2024-07-14,2024,7,14,Julho,6,Domingo,True,20240714
2024-07-15,2024,7,15,Julho,0,Segunda-feira,False,20240715
2024-07-16,2024,7,16,Julho,1,Terça-feira,False,20240716
2024-07-17,2024,7,17,Julho,2,Quarta-feira,False,20240717
2024-07-18,2024,7,18,Julho,3,Quinta-feira,False,20240718
2024-07-19,2024,7,19,Julho,4,Sexta-feira,False,20240719
2024-07-20,2024,7,20,Julho,5,Sábado,True,20240720
2024-07-21,2024,7,21,Julho,6,Domingo,True,20240721
2024-07-22,2024,7,22,Julho,0,Segunda-feira,False,20240722
2024-07-23,2024,7,23,Julho,1,Terça-feira,False,20240723
2024-07-24,2024,7,24,Julho,2,Quarta-feira,False,20240724
2024-07-25,2024,7,25,Julho,3,Quinta-feira,False,20240725
2024-07-26,2024,7,26,Julho,4,Sexta-feira,False,20240726
2024-07-27,2024,7,27,Julho,5,Sábado,True,20240727
2024-07-28,2024,7,28,Julho,6,Domingo,True,20240728
2024-07-29,2024,7,29,Julho,0,Segunda-feira,False,20240729
2024-07-30,2024,7,30,Julho,1,Terça-feira,False,20240730
2024-07-31,2024,7,31,Julho,2,Quarta-feira,False,20240731
2024-08-01,2024,8,1,Agosto,3,Quinta-feira,False,20240801
2024-08-02,2024,8,2,Agosto,4,Sexta-feira,False,20240802
2024-08-03,2024,8,3,Agosto,5,Sábado,True,20240803
2024-08-04,2024,8,4,Agosto,6,Domingo,True,20240804
2024-08-05,2024,8,5,Agosto,0,Segunda-feira,False,20240805
2024-08-06,2024,8,6,Agosto,1,Terça-feira,False,20240806
2024-08-07,2024,8,7,Agosto,2,Quarta-feira,False,20240807
2024-08-08,2024,8,8,Agosto,3,Quinta-feira,False,20240808
2024-08-09,2024,8,9,Agosto,4,Sexta-feira,False,20240809
2024-08-10,2024,8,10,Agosto,5,Sábado,True,20240810
2024-08-11,2024,8,11,Agosto,6,Domingo,True,20240811
2024-08-12,2024,8,12,Agosto,0,Segunda-feira,False,20240812
2024-08-13,2024,8,13,Agosto,1,Terça-feira,False,20240813
2024-08-14,2024,8,14,Agosto,2,Quarta-feira,False,20240814
2024-08-15,2024,8,15,Agosto,3,Quinta-feira,False,20240815
2024-08-16,2024,8,16,Agosto,4,Sexta-feira,False,20240816
2024-08-17,2024,8,17,Agosto,5,Sábado,True,20240817
2024-08-18,2024,8,18,Agosto,6,Domingo,True,20240818
2024-08-19,2024,8,19,Agosto,0,Segunda-feira,False,20240819
2024-08-20,2024,8,20,Agosto,1,Terça-feira,False,20240820
2024-08-21,2024,8,21,Agosto,2,Quarta-feira,False,20240821
2024-08-22,2024,8,22,Agosto,3,Quinta-feira,False,20240822
2024-08-23,2024,8,23,Agosto,4,Sexta-feira,False,20240823
2024-08-24,2024,8,24,Agosto,5,Sábado,True,20240824
2024-08-25,2024,8,25,Agosto,6,Domingo,True,20240825
2024-08-26,2024,8,26,Agosto,0,Segunda-feira,False,20240826
2024-08-27,2024,8,27,Agosto,1,Terça-feira,False,20240827
2024-08-28,2024,8,28,Agosto,2,Quarta-feira,False,20240828
2024-08-29,2024,8,29,Agosto,3,Quinta-feira,False,20240829
2024-08-30,2024,8,30,Agosto,4,Sexta-feira,False,20240830
2024-08-31,2024,8,31,Agosto,5,Sábado,True,20240831
2024-09-01,2024,9,1,Setembro,6,Domingo,True,20240901
2024-09-02,2024,9,2,Setembro,0,Segunda-feira,False,20240902
2024-09-03,2024,9,3,Setembro,1,Terça-feira,False,20240903
2024-09-04,2024,9,4,Setembro,2,Quarta-feira,False,20240904
2024-09-05,2024,9,5,Setembro,3,Quinta-feira,False,20240905
2024-09-06,2024,9,6,Setembro,4,Sexta-feira,False,20240906
2024-09-07,2024,9,7,Setembro,5,Sábado,True,20240907
2024-09-08,2024,9,8,Setembro,6,Domingo,True,20240908
2024-09-09,2024,9,9,Setembro,0,Segunda-feira,False,20240909
2024-09-10,2024,9,10,Setembro,1,Terça-feira,False,20240910
2024-09-11,2024,9,11,Setembro,2,Quarta-feira,False,20240911
2024-09-12,2024,9,12,Setembro,3,Quinta-feira,False,20240912
2024-09-13,2024,9,13,Setembro,4,Sexta-feira,False,20240913
2024-09-14,2024,9,14,Setembro,5,Sábado,True,20240914
2024-09-15,2024,9,15,Setembro,6,Domingo,True,20240915
2024-09-16,2024,9,16,Setembro,0,Segunda-feira,False,20240916
2024-09-17,2024,9,17,Setembro,1,Terça-feira,False,20240917
2024-09-18,2024,9,18,Setembro,2,Quarta-feira,False,20240918
2024-09-19,2024,9,19,Setembro,3,Quinta-feira,False,20240919
2024-09-20,2024,9,20,Setembro,4,Sexta-feira,False,20240920
2024-09-21,2024,9,21,Setembro,5,Sábado,True,20240921
2024-09-22,2024,9,22,Setembro,6,Domingo,True,20240922
2024-09-23,2024,9,23,Setembro,0,Segunda-feira,False,20240923
2024-09-24,2024,9,24,Setembro,1,Terça-feira,False,20240924
2024-09-25,2024,9,25,Setembro,2,Quarta-feira,False,20240925
2024-09-26,2024,9,26,Setembro,3,Quinta-feira,False,20240926
2024-09-27,2024,9,27,Setembro,4,Sexta-feira,False,20240927
2024-09-28,2024,9,28,Setembro,5,Sábado,True,20240928
2024-09-29,2024,9,29,Setembro,6,Domingo,True,20240929
2024-09-30,2024,9,30,Setembro,0,Segunda-feira,False,20240930
2024-10-01,2024,10,1,Outubro,1,Terça-feira,False,20241001
2024-10-02,2024,10,2,Outubro,2,Quarta-feira,False,20241002
2024-10-03,2024,10,3,Outubro,3,Quinta-feira,False,20241003
2024-10-04,2024,10,4,Outubro,4,Sexta-feira,False,20241004
2024-10-05,2024,10,5,Outubro,5,Sábado,True,20241005
2024-10-06,2024,10,6,Outubro,6,Domingo,True,20241006
2024-10-07,2024,10,7,Outubro,0,Segunda-feira,False,20241007
2024-10-08,2024,10,8,Outubro,1,Terça-feira,False,20241008
2024-10-09,2024,10,9,Outubro,2,Quarta-feira,False,20241009
2024-10-10,2024,10,10,Outubro,3,Quinta-feira,False,20241010
2024-10-11,2024,10,11,Outubro,4,Sexta-feira,False,20241011
2024-10-12,2024,10,12,Outubro,5,Sábado,True,20241012
2024-10-13,2024,10,13,Outubro,6,Domingo,True,20241013
2024-10-14,2024,10,14,Outubro,0,Segunda-feira,False,20241014
2024-10-15,2024,10,15,Outubro,1,Terça-feira,False,20241015
2024-10-16,2024,10,16,Outubro,2,Quarta-feira,False,20241016
2024-10-17,2024,10,17,Outubro,3,Quinta-feira,False,20241017
2024-10-18,2024,10,18,Outubro,4,Sexta-feira,False,20241018
2024-10-19,2024,10,19,Outubro,5,Sábado,True,20241019
2024-10-20,2024,10,20,Outubro,6,Domingo,True,20241020
2024-10-21,2024,10,21,Outubro,0,Segunda-feira,False,20241021
2024-10-22,2024,10,22,Outubro,1,Terça-feira,False,20241022
2024-10-23,2024,10,23,Outubro,2,Quarta-feira,False,20241023
2024-10-24,2024,10,24,Outubro,3,Quinta-feira,False,20241024
2024-10-25,2024,10,25,Outubro,4,Sexta-feira,False,20241025
2024-10-26,2024,10,26,Outubro,5,Sábado,True,20241026
2024-10-27,2024,10,27,Outubro,6,Domingo,True,20241027
2024-10-28,2024,10,28,Outubro,0,Segunda-feira,False,20241028
2024-10-29,2024,10,29,Outubro,1,Terça-feira,False,20241029
2024-10-30,2024,10,30,Outubro,2,Quarta-feira,False,20241030
2024-10-31,2024,10,31,Outubro,3,Quinta-feira,False,20241031
2024-11-01,2024,11,1,Novembro,4,Sexta-feira,False,20241101
2024-11-02,2024,11,2,Novembro,5,Sábado,True,20241102
2024-11-03,2024,11,3,Novembro,6,Domingo,True,20241103
2024-11-04,2024,11,4,Novembro,0,Segunda-feira,False,20241104
2024-11-05,2024,11,5,Novembro,1,Terça-feira,False,20241105
2024-11-06,2024,11,6,Novembro,2,Quarta-feira,False,20241106
2024-11-07,2024,11,7,Novembro,3,Quinta-feira,False,20241107
2024-11-08,2024,11,8,Novembro,4,Sexta-feira,False,20241108
2024-11-09,2024,11,9,Novembro,5,Sábado,True,20241109
2024-11-10,2024,11,10,Novembro,6,Domingo,True,20241110
2024-11-11,2024,11,11,Novembro,0,Segunda-feira,False,20241111
2024-11-12,2024,11,12,Novembro,1,Terça-feira,False,20241112
2024-11-13,2024,11,13,Novembro,2,Quarta-feira,False,20241113
2024-11-14,2024,11,14,Novembro,3,Quinta-feira,False,20241114
2024-11-15,2024,11,15,Novembro,4,Sexta-feira,False,20241115
2024-11-16,2024,11,16,Novembro,5,Sábado,True,20241116
2024-11-17,2024,11,17,Novembro,6,Domingo,True,20241117
2024-11-18,2024,11,18,Novembro,0,Segunda-feira,False,20241118
2024-11-19,2024,11,19,Novembro,1,Terça-feira,False,20241119
2024-11-20,2024,11,20,Novembro,2,Quarta-feira,False,20241120
2024-11-21,2024,11,21,Novembro,3,Quinta-feira,False,20241121
2024-11-22,2024,11,22,Novembro,4,Sexta-feira,False,20241122
2024-11-23,2024,11,23,Novembro,5,Sábado,True,20241123
2024-11-24,2024,11,24,Novembro,6,Domingo,True,20241124
2024-11-25,2024,11,25,Novembro,0,Segunda-feira,False,20241125
2024-11-26,2024,11,26,Novembro,1,Terça-feira,False,20241126
2024-11-27,2024,11,27,Novembro,2,Quarta-feira,False,20241127
2024-11-28,2024,11,28,Novembro,3,Quinta-feira,False,20241128
2024-11-29,2024,11,29,Novembro,4,Sexta-feira,False,20241129
2024-11-30,2024,11,30,Novembro,5,Sábado,True,20241130
2024-12-01,2024,12,1,Dezembro,6,Domingo,True,20241201
2024-12-02,2024,12,2,Dezembro,0,Segunda-feira,False,20241202
2024-12-03,2024,12,3,Dezembro,1,Terça-feira,False,20241203
2024-12-04,2024,12,4,Dezembro,2,Quarta-feira,False,20241204
2024-12-05,2024,12,5,Dezembro,3,Quinta-feira,False,20241205
2024-12-06,2024,12,6,Dezembro,4,Sexta-feira,False,20241206
2024-12-07,2024,12,7,Dezembro,5,Sábado,True,20241207
2024-12-08,2024,12,8,Dezembro,6,Domingo,True,20241208
2024-12-09,2024,12,9,Dezembro,0,Segunda-feira,False,20241209
2024-12-10,2024,12,10,Dezembro,1,Terça-feira,False,20241210
2024-12-11,2024,12,11,Dezembro,2,Quarta-feira,False,20241211
2024-12-12,2024,12,12,Dezembro,3,Quinta-feira,False,20241212
2024-12-13,2024,12,13,Dezembro,4,Sexta-feira,False,20241213
2024-12-14,2024,12,14,Dezembro,5,Sábado,True,20241214
2024-12-15,2024,12,15,Dezembro,6,Domingo,True,20241215
2024-12-16,2024,12,16,Dezembro,0,Segunda-feira,False,20241216
2024-12-17,2024,12,17,Dezembro,1,Terça-feira,False,20241217
2024-12-18,2024,12,18,Dezembro,2,Quarta-feira,False,20241218
2024-12-19,2024,12,19,Dezembro,3,Quinta-feira,False,20241219
2024-12-20,2024,12,20,Dezembro,4,Sexta-feira,False,20241220
2024-12-21,2024,12,21,Dezembro,5,Sábado,True,20241221
2024-12-22,2024,12,22,Dezembro,6,Domingo,True,20241222
2024-12-23,2024,12,23,Dezembro,0,Segunda-feira,False,20241223
2024-12-24,2024,12,24,Dezembro,1,Terça-feira,False,20241224
2024-12-25,2024,12,25,Dezembro,2,Quarta-feira,False,20241225
2024-12-26,2024,12,26,Dezembro,3,Quinta-feira,False,20241226
2024-12-27,2024,12,27,Dezembro,4,Sexta-feira,False,20241227
2024-12-28,2024,12,28,Dezembro,5,Sábado,True,20241228
2024-12-29,2024,12,29,Dezembro,6,Domingo,True,20241229
2024-12-30,2024,12,30,Dezembro,0,Segunda-feira,False,20241230
2024-12-31,2024,12,31,Dezembro,1,Terça-feira,False,20241231
