id_produto,receita_total,prejuizo_total,percentual_prejuizo
1,17187280.35,154.70920000000115,9.001377579786853e-06
2,8862231.15,21.358768000000055,2.410089247107942e-06
3,4322136.25,2318.0922630000023,0.0005363302147173177
4,1915160.0,29.978054999999586,1.5653028989744765e-05
5,13494880.35,1091.0348699999995,8.084805805632797e-05
6,7663037.2,311.03670000000056,4.058921963735222e-05
7,7820196.45,0.0,0.0
8,2587770.15,383.46685199999956,0.0001481842782675268
9,22157655.25,7484.206816000005,0.0003377707041452414
10,13035840.25,4108.833332000002,0.00031519512767886227
11,22650384.0,0.0,0.0
12,1306660.2,121.13127500000019,9.270296516263386e-05
13,3774383.0,79.1911,2.098120408024305e-05
14,16947590.9,4244.328342000008,0.00025043844680012946
15,13966622.75,0.0,0.0
16,16048709.1,5827.868549999999,0.00036313628178356096
17,7076248.8,3235.716128000002,0.000457264324566994
18,15287126.05,0.0,0.0
19,7492328.0,40.36396000000059,5.387372255993142e-06
20,15922388.15,2128.6490159999994,0.0001336890544274289
21,3879456.5,1153.223066999999,0.000297264079903976
22,24705380.9,0.0,0.0
23,5987275.65,10521.799839999998,0.0017573601843436082
24,9471755.8,0.0,0.0
25,5770979.95,1531.3996610000013,0.00026536215240186397
26,10661130.65,216.53022000000055,2.031024917605719e-05
27,7882563.15,0.0,0.0
28,8486694.85,275.997945000001,3.252125236952534e-05
29,17804264.0,3928.2623999999996,0.000220636045387779
30,19077841.0,23768.074711999983,0.0012458471958121458
31,4660491.45,897.3324420000008,0.00019254030430631961
32,5661111.95,1435.5995200000016,0.00025358967154853767
33,4045248.6,5066.832254000004,0.0012525391527235196
34,2279524.75,685.0567339999989,0.000300526122385817
35,6692463.1,107.39085799999702,1.604653718598718e-05
36,12750576.4,0.0,0.0
37,3020509.0,386.0148399999998,0.00012779794398891042
38,10351595.7,4723.406442999993,0.000456297423111298
39,15493523.15,4837.810739000004,0.00031224729792978065
40,6858683.8,8086.72377600001,0.0011790489271425533
41,5067330.0,0.0,0.0
42,2810048.65,3355.021977999997,0.00119393732845159
43,12661193.95,11557.106843999994,0.0009127975520823606
44,5588763.3,0.0,0.0
45,5783276.45,0.0,0.0
46,2603273.2,944.426840000001,0.00036278437468645276
47,3184863.8,266.70240999999896,8.374060140342547e-05
48,9081279.75,2347.9678000000004,0.00025855032161078403
49,6730281.8,0.0,0.0
50,5603608.2,26.31388599999991,4.695882556528472e-06
51,36554590.25,5008.590724999987,0.00013701673827406634
52,7764053.75,2170.548096000006,0.00027956376474081026
53,26077998.75,1192.228415999998,4.57177879111601e-05
54,65859716.1,2725.3532100000157,4.138118673123183e-05
55,61224375.0,45731.39960400005,0.0007469475940587397
56,24550887.6,0.0,0.0
57,44148517.0,11165.272729999982,0.0002529025545750491
58,53378462.75,903.4301019999984,1.692499288020426e-05
59,36784114.4,0.0,0.0
60,53418532.0,0.0,0.0
61,17615312.85,744.9413400000049,4.2289418663376436e-05
62,44625014.1,36344.93911199999,0.0008144521597361241
63,68817185.9,5061.766843999998,7.355381911947663e-05
64,47495794.85,3491.5409280000167,7.351263283469434e-05
65,14137244.7,0.0,0.0
66,5470546.8,0.0,0.0
67,52820315.75,25265.34627699999,0.0004783263015045492
68,25675107.6,12073.364999999998,0.00047023619873748834
69,26249173.5,1063.7474100000109,4.052498681529957e-05
70,16629741.7,1334.210841,8.023040075240616e-05
71,81567066.65,4746.235012999998,5.818812920373663e-05
72,63057815.65,0.0,0.0
73,69554254.8,6334.042029000033,9.106620503969562e-05
74,59764356.15,5033.951925000001,8.423000345499416e-05
75,11927691.6,0.0,0.0
76,83539339.4,47236.538661,0.0005654406534725362
77,21004486.95,80.6391999999978,3.8391416173103816e-06
78,58043733.35,34440.457172000024,0.0005933535833115052
79,35699451.8,7710.572025000009,0.00021598572628501845
80,67332086.05,0.0,0.0
81,64195127.6,0.0,0.0
82,28700772.7,6111.188723999985,0.00021292767229225105
83,44377440.0,18701.59576099999,0.00042142123928284257
84,19827349.3,484.0089750000043,2.441117910804165e-05
85,23006404.95,0.0,0.0
86,45901157.95,0.0,0.0
87,27930725.05,5707.530930000008,0.00020434596380089346
88,22442621.25,14189.43708000001,0.0006322540010784173
89,40987327.45,13933.534167000005,0.0003399473699278728
90,38927756.5,3706.3294160000078,9.521045519281358e-05
91,66829268.7,72420.72753500006,0.0010836678141743611
92,40122068.25,2246.069478000005,5.598089968853998e-05
93,46309849.3,0.0,0.0
94,22877526.7,3994.591858,0.00017460767985902952
95,25671902.7,3984.141921000002,0.0001551946487005033
96,27227868.9,30761.513520000008,0.0011297804331649331
97,55264073.6,16437.868196000025,0.0002974422101956672
98,47088930.65,0.0,0.0
99,56095102.95,0.0,0.0
100,51703898.6,6494.732000000018,0.00012561397062619216
101,282745.9,0.0,0.0
102,335379.2,0.0,0.0
103,1136043.45,74.24177599999985,6.535117648889208e-05
104,1275786.8,3364.342327999998,0.0026370725328087718
105,145543.95,5.775630999999976,3.968307167697438e-05
106,2420004.35,564.934714,0.0002334436770743821
107,781887.35,577.4848309999998,0.0007385780458016104
108,2164907.1,416.80275800000027,0.00019252685623323063
109,328320.15,0.0,0.0
110,1376911.55,192.6349950000008,0.0001399036815400385
111,1837290.75,1386.4643690000003,0.0007546243668836847
112,1232787.8,266.19218700000056,0.00021592701274298834
113,2210235.65,283.91448000000037,0.0001284543935394402
114,358759.9,136.90880400000003,0.0003816167971950043
115,531036.05,40.77037999999993,7.677516432264801e-05
116,1675128.3,499.6821600000003,0.0002982948589669223
117,1770239.35,0.0,0.0
118,2104693.9,443.7348000000002,0.0002108310381856479
119,1668115.45,2076.4816359999995,0.0012448069082988229
120,1739699.5,312.95699500000046,0.0001798914094071996
121,1594081.05,0.0,0.0
122,802274.55,115.76795599999991,0.00014429967397071227
123,976833.25,611.665657,0.0006261720278256294
124,2447622.6,0.0,0.0
125,1956700.1,57.09420699999964,2.9178823571378996e-05
126,1388455.25,155.41819499999974,0.00011193604907324146
127,978490.9,4.174159999999802,4.26591601413953e-06
128,2549291.0,41.6122690000002,1.6323075317804127e-05
129,1905993.75,213.45849400000043,0.00011199328119517729
130,2698421.3,1.9156450000000405,7.09913237047173e-07
131,456842.7,67.38675,0.00014750536672688435
132,817527.15,109.23795000000018,0.00013361996601580776
133,987146.6,1037.409230000001,0.0010509170876949795
134,2555054.95,544.7015349999992,0.00021318583970180336
135,838627.55,147.088168,0.00017539152869471076
136,1049801.0,51.431319999999914,4.8991494578496225e-05
137,1628411.45,389.7610410000002,0.00023935046698425033
138,2179780.65,104.31932999999981,4.785771907829341e-05
139,837046.15,0.0,0.0
140,1715559.05,0.0,0.0
141,2321325.85,444.6904000000004,0.0001915674182493597
142,411550.1,72.99962999999991,0.00017737726220938815
143,2075805.45,696.7309439999999,0.00033564366255999564
144,1139729.85,79.23012600000038,6.951658412737051e-05
145,2398943.7,75.15781599999991,3.1329545582916306e-05
146,277313.6,0.0,0.0
147,1326261.95,1011.3750940000018,0.0007625756691579682
148,2701447.25,419.0419460000003,0.0001551175748480746
149,637139.85,61.81487599999991,9.701932158222393e-05
150,802757.0,108.5976499999997,0.00013528085086769682
